{
  "reference_gaze_center": [
    -0.0653731304880733,
    -0.26451851851851804
  ],
  "gaze_tolerance": 0.15,
  "calibration_results": {
    "center": {
      "average_gaze": [
        -0.0653731304880733,
        -0.26451851851851804
      ],
      "stability": [
        0.05187457537907288,
        0.05060208142674358
      ],
      "samples": 60
    },
    "top_left": {
      "average_gaze": [
        0.05020418677746265,
        -0.18922486772486702
      ],
      "stability": [
        0.026397661786399473,
        0.2363065135000625
      ],
      "samples": 60
    },
    "top_right": {
      "average_gaze": [
        -0.04368048209326477,
        -0.21650793650793698
      ],
      "stability": [
        0.026409289455660567,
        0.17130288533589927
      ],
      "samples": 60
    },
    "bottom_left": {
      "average_gaze": [
        -0.10057343075674018,
        -0.2383184609508136
      ],
      "stability": [
        0.042521206798048876,
        0.09455482969008237
      ],
      "samples": 60
    },
    "bottom_right": {
      "average_gaze": [
        -0.09562509405563245,
        -0.18397186147186134
      ],
      "stability": [
        0.23268719867202883,
        0.1840442196345615
      ],
      "samples": 60
    }
  },
  "save_time": "2026-02-13 22:29:35"
}